level,year,subject,grade,gap_pair,T,B,W,B_pct,W_pct,n_units_a,n_units_b,n_units_both
District,2015-16,ELA,3,BW,37.6646338268692,18.859086974239844,18.805546852629355,50.07107479373966,49.92892520626034,257,36,36
District,2015-16,ELA,3,HW,26.048037821753205,9.151239816882681,16.896798004870526,35.132165729736116,64.86783427026388,257,106,105
District,2015-16,ELA,4,BW,39.30326838354963,18.23745083189486,21.065817551654767,46.401868297365674,53.598131702634326,252,31,31
District,2015-16,ELA,4,HW,28.151620099910456,10.04299333635797,18.108626763552486,35.67465496023056,64.32534503976943,252,110,109
District,2015-16,ELA,5,BW,37.95413530512729,18.44524855180027,19.50888675332702,48.598784832040344,51.401215167959656,255,38,38
District,2015-16,ELA,5,HW,26.37334005195025,9.555252550399565,16.818087501550686,36.23072592086407,63.769274079135926,255,96,94
District,2015-16,ELA,6,BW,39.74509638524561,17.753698030394947,21.991398354850663,44.668901688676165,55.33109831132383,250,44,44
District,2015-16,ELA,6,HW,29.673391941257346,9.992568106390818,19.68082383486653,33.67517985868455,66.32482014131546,250,98,98
District,2015-16,ELA,7,BW,35.89976744252674,16.10550121573107,19.794266226795667,44.86241099337193,55.137589006628076,255,35,35
District,2015-16,ELA,7,HW,24.658470954542164,7.495686906641706,17.16278404790046,30.398019895313006,69.601980104687,255,101,99
District,2015-16,ELA,8,BW,34.851905046809165,15.881933034966842,18.969972011842323,45.56977018511904,54.43022981488096,242,36,36
District,2015-16,ELA,8,HW,24.098192197263625,7.841243583655362,16.256948613608262,32.53872124293931,67.4612787570607,242,101,100
District,2015-16,Mathematics,3,BW,41.82128978147675,20.791188073899104,21.030101707577646,49.71436362325635,50.285636376743646,257,34,34
District,2015-16,Mathematics,3,HW,30.962661520155134,11.241826342928155,19.72083517722698,36.30768735953236,63.69231264046765,257,106,105
District,2015-16,Mathematics,4,BW,43.01963271255996,21.40484027785882,21.61479243470114,49.75598099797232,50.24401900202767,252,29,29
District,2015-16,Mathematics,4,HW,33.9658326149487,13.583693254659236,20.382139360289464,39.99222809771758,60.007771902282414,252,108,107
District,2015-16,Mathematics,5,BW,43.75271673571176,22.399649959140906,21.353066776570852,51.196020796710684,48.80397920328932,255,37,37
District,2015-16,Mathematics,5,HW,30.703405508992294,11.847462174510552,18.855943334481744,38.58680162055871,61.4131983794413,255,97,95
District,2015-16,Mathematics,6,BW,41.67556917236586,20.675168996951836,21.000400175414025,49.60980595475844,50.39019404524155,249,44,44
District,2015-16,Mathematics,6,HW,32.96449766278161,13.25504827079674,19.70944939198487,40.21007207933971,59.78992792066028,249,98,98
District,2015-16,Mathematics,7,BW,40.64688268779193,20.561773636661343,20.085109051130587,50.58634826831864,49.413651731681355,255,35,35
District,2015-16,Mathematics,7,HW,31.1693759823295,11.7514419917035,19.417933990625997,37.70188404915649,62.2981159508435,255,103,101
District,2015-16,Mathematics,8,BW,36.03820887160374,19.353712404897013,16.68449646670673,53.703313818536486,46.29668618146352,241,38,38
District,2015-16,Mathematics,8,HW,27.979250058187645,11.535825554435164,16.44342450375248,41.229931218472395,58.7700687815276,241,95,94
District,2016-17,ELA,3,BW,37.67921728754573,19.077124380735096,18.602092906810636,50.63036271467544,49.36963728532456,254,33,33
District,2016-17,ELA,3,HW,28.201775920819006,10.306419605573945,17.89535631524506,36.54528578097658,63.454714219023415,254,114,112
District,2016-17,ELA,4,BW,40.675251683433146,19.86214794894815,20.813103734484997,48.83103884281045,51.16896115718956,258,32,32
District,2016-17,ELA,4,HW,28.226105597195964,10.396498013812948,17.829607583383016,36.83291688261011,63.16708311738989,258,101,99
District,2016-17,ELA,5,BW,41.744298260885074,19.99107070671919,21.753227554165885,47.88934426872632,52.11065573127368,256,39,39
District,2016-17,ELA,5,HW,27.721478532670876,9.831797140006415,17.88968139266446,35.4663519423008,64.53364805769921,256,116,115
District,2016-17,ELA,6,BW,39.345727901299,18.823938941435845,20.521788959863155,47.84239597411126,52.15760402588874,254,44,44
District,2016-17,ELA,6,HW,28.86018562694212,9.940280351241196,18.919905275700923,34.4428843242143,65.5571156757857,254,109,107
District,2016-17,ELA,7,BW,36.84441397849462,16.48716503793298,20.357248940561643,44.74807238773351,55.251927612266485,257,44,44
District,2016-17,ELA,7,HW,26.027213029617247,8.605229742200024,17.421983287417223,33.06243251018786,66.93756748981214,257,106,106
District,2016-17,ELA,8,BW,36.15173498318478,18.039358455465283,18.112376527719498,49.89901166252715,50.10098833747285,264,40,40
District,2016-17,ELA,8,HW,25.03169908355985,8.411808148665525,16.619890934894325,33.604623164354734,66.39537683564527,264,113,110
District,2016-17,Mathematics,3,BW,41.4491638468708,19.84417569323426,21.604988153636544,47.87593729645861,52.12406270354139,254,35,35
District,2016-17,Mathematics,3,HW,31.535339586071384,11.049586030611204,20.485753555460178,35.03874122063241,64.96125877936758,254,113,111
District,2016-17,Mathematics,4,BW,42.15370694170495,21.566118198633948,20.587588743071,51.16066833329294,48.83933166670707,258,31,31
District,2016-17,Mathematics,4,HW,33.271638392742986,13.24364367141029,20.027994721332696,39.80460329329293,60.195396706707065,258,95,93
District,2016-17,Mathematics,5,BW,41.72695671931744,21.491475482779006,20.235481236538437,51.50501539650878,48.49498460349122,256,39,39
District,2016-17,Mathematics,5,HW,30.274638280926098,11.662663175439215,18.611975105486884,38.52288198200218,61.47711801799782,256,115,114
District,2016-17,Mathematics,6,BW,41.62821526859531,21.09848032471051,20.5297349438848,50.683124867539995,49.316875132460005,254,44,44
District,2016-17,Mathematics,6,HW,32.84069332036875,13.366488528202487,19.47420479216626,40.7009937269266,59.299006273073395,254,105,103
District,2016-17,Mathematics,7,BW,40.50099195417616,19.596972378158135,20.904019576018023,48.38640100551276,51.61359899448724,257,42,42
District,2016-17,Mathematics,7,HW,31.231652757629693,11.776740298995744,19.45491245863395,37.70770759520167,62.292292404798324,257,105,105
District,2016-17,Mathematics,8,BW,36.44166434411611,19.784422927803792,16.65724141631232,54.290667794370904,45.70933220562909,263,36,36
District,2016-17,Mathematics,8,HW,27.533436602623063,10.60053369325136,16.932902909371702,38.50058329529946,61.49941670470054,263,110,108
District,2017-18,ELA,3,BW,36.53110607513065,18.091884274268494,18.439221800862157,49.52460031475735,50.47539968524265,265,30,30
District,2017-18,ELA,3,HW,27.81516919023339,9.81454101576366,18.000628174469732,35.28485104167475,64.71514895832526,265,106,104
District,2017-18,ELA,4,BW,41.08896544941331,19.524999196668205,21.563966252745104,47.51883865439838,52.48116134560162,256,34,34
District,2017-18,ELA,4,HW,28.05830512550846,9.888642034415165,18.169663091093298,35.24319088477361,64.75680911522639,256,111,109
District,2017-18,ELA,5,BW,40.1725467674209,19.854623638610114,20.317923128810783,49.423363058256,50.576636941744,262,39,39
District,2017-18,ELA,5,HW,26.37568474706963,9.257437687158001,17.11824705991163,35.09837858593041,64.9016214140696,262,104,102
District,2017-18,ELA,6,BW,39.467710812748855,17.519027968907242,21.948682843841613,44.38825462166974,55.611745378330255,263,38,38
District,2017-18,ELA,6,HW,27.121329430484113,8.896950956322087,18.224378474162027,32.80425828360021,67.1957417163998,263,124,123
District,2017-18,ELA,7,BW,37.53171949765115,17.40174914018095,20.129970357470203,46.36544600966125,53.63455399033875,251,42,42
District,2017-18,ELA,7,HW,25.150833501745176,8.202801925604478,16.9480315761407,32.6144337325254,67.3855662674746,251,104,103
District,2017-18,ELA,8,BW,34.75109334570052,14.750936235969494,20.000157109731024,42.44740183921296,57.55259816078704,256,42,42
District,2017-18,ELA,8,HW,24.740802254316907,7.7321613063324115,17.008640947984496,31.252670090693048,68.74732990930696,256,110,110
District,2017-18,Mathematics,3,BW,44.217173600050074,21.80932244163744,22.407851158412633,49.323194283980065,50.67680571601993,265,32,32
District,2017-18,Mathematics,3,HW,31.96734116508003,11.555663481143528,20.411677683936503,36.1483409629529,63.851659037047106,265,105,103
District,2017-18,Mathematics,4,BW,44.62881913354097,23.22918094220724,21.399638191333732,52.04973242222592,47.950267577774085,256,35,35
District,2017-18,Mathematics,4,HW,32.27423433504687,13.160279733395084,19.113954601651784,40.77642740266102,59.22357259733898,256,109,107
District,2017-18,Mathematics,5,BW,42.18559812642683,22.130067860234508,20.055530266192324,52.45882206982696,47.54117793017304,263,40,40
District,2017-18,Mathematics,5,HW,29.745632088962612,11.987876444957017,17.757755644005595,40.301300066859994,59.698699933140006,263,106,104
District,2017-18,Mathematics,6,BW,41.867381575539774,21.057582729460325,20.80979884607945,50.295915189888106,49.70408481011189,264,38,38
District,2017-18,Mathematics,6,HW,30.610213130336053,12.017267453726324,18.59294567660973,39.25901267840794,60.74098732159206,264,125,124
District,2017-18,Mathematics,7,BW,38.86260441081782,19.114700617936155,19.74790379288167,49.18533100837517,50.81466899162483,251,36,36
District,2017-18,Mathematics,7,HW,29.29625320607289,11.08523469260912,18.21101851346377,37.83840416258839,62.16159583741161,251,100,99
District,2017-18,Mathematics,8,BW,37.401279068263015,17.844357389974107,19.55692167828891,47.710553848721176,52.289446151278824,255,39,39
District,2017-18,Mathematics,8,HW,28.29898125468593,10.338514401468817,17.960466853217113,36.533168132181075,63.46683186781892,255,108,108
District,2018-19,ELA,3,BW,36.06269793802688,17.636626786487295,18.426071151539585,48.90545576150606,51.09454423849393,258,35,35
District,2018-19,ELA,3,HW,26.579165533892155,9.681719221912388,16.897446311979767,36.42597134799752,63.57402865200248,258,106,103
District,2018-19,ELA,4,BW,38.89440406417768,19.16137631032672,19.73302775385096,49.26512379186864,50.73487620813136,275,38,38
District,2018-19,ELA,4,HW,26.907580586712676,9.592057116216264,17.315523470496412,35.64815902085582,64.35184097914419,275,106,104
District,2018-19,ELA,5,BW,37.344506121308946,17.815886414653683,19.528619706655263,47.70684704406321,52.29315295593678,258,39,39
District,2018-19,ELA,5,HW,27.327532049181986,10.024120624274762,17.303411424907225,36.68139737695348,63.31860262304652,258,110,108
District,2018-19,ELA,6,BW,35.51965535184828,16.847889727756606,18.671765624091673,47.432582216426034,52.56741778357396,271,36,36
District,2018-19,ELA,6,HW,24.712378998364514,9.474514082366701,15.237864915997813,38.33914202672973,61.660857973270275,271,111,109
District,2018-19,ELA,7,BW,38.44206517629894,16.23221475677213,22.20985041952681,42.22513718326438,57.77486281673563,263,38,38
District,2018-19,ELA,7,HW,25.81856752962515,7.768704769051864,18.049862760573284,30.08960415847151,69.91039584152848,263,120,119
District,2018-19,ELA,8,BW,32.37192080592597,14.90857983955403,17.463340966371938,46.054047669685644,53.94595233031436,265,41,41
District,2018-19,ELA,8,HW,22.543829027118722,7.456956470736489,15.086872556382232,33.07759503395039,66.9224049660496,265,107,106
District,2018-19,Mathematics,3,BW,44.81978027834714,22.795783384823586,22.023996893523552,50.86098870466004,49.13901129533996,259,34,34
District,2018-19,Mathematics,3,HW,30.864177098006802,11.645886560684254,19.21829053732255,37.732697436590136,62.26730256340986,259,109,106
District,2018-19,Mathematics,4,BW,43.93740355924774,23.008010219064534,20.929393340183207,52.36542980524373,47.63457019475627,275,37,37
District,2018-19,Mathematics,4,HW,30.970702194612493,12.499709305761417,18.470992888851075,40.359786572536294,59.640213427463706,275,106,104
District,2018-19,Mathematics,5,BW,41.403124330694816,20.785202260999064,20.61792206969575,50.20201397117668,49.79798602882332,258,37,37
District,2018-19,Mathematics,5,HW,29.758600938073798,11.96435788742989,17.794243050643907,40.204705565047014,59.79529443495298,258,113,111
District,2018-19,Mathematics,6,BW,40.22295752317493,20.297907398949793,19.925050124225134,50.4634881392173,49.536511860782696,270,38,38
District,2018-19,Mathematics,6,HW,29.63414397500089,12.012270865726562,17.621873109274325,40.53523825712668,59.46476174287331,270,110,108
District,2018-19,Mathematics,7,BW,40.17029232008752,18.77432582548987,21.395966494597648,46.73684143468779,53.2631585653122,263,35,35
District,2018-19,Mathematics,7,HW,29.12033059204298,10.307655457629942,18.812675134413038,35.396766616538585,64.60323338346141,263,118,117
District,2018-19,Mathematics,8,BW,35.341053078375396,18.11725832406286,17.223794754312536,51.26405906435343,48.73594093564657,265,38,38
District,2018-19,Mathematics,8,HW,26.7154775756987,10.235667286994294,16.479810288704407,38.313622722975396,61.686377277024604,265,106,105
District,2021-22,ELA,3,BW,36.76129717674783,17.932712425916783,18.828584750831048,48.78150066276644,51.21849933723356,263,26,26
District,2021-22,ELA,3,HW,27.5761997254122,10.775143818892069,16.80105590652013,39.07407085162096,60.92592914837903,263,111,110
District,2021-22,ELA,4,BW,40.42302447332649,19.284922697219486,21.138101776107007,47.70776790822473,52.29223209177526,253,31,31
District,2021-22,ELA,4,HW,29.410307284747656,10.839465372855516,18.57084191189214,36.85600856838691,63.14399143161309,253,125,122
District,2021-22,ELA,5,BW,41.26813952124706,21.109171225666184,20.158968295580873,51.15125486768805,48.84874513231194,269,38,38
District,2021-22,ELA,5,HW,27.3000949940666,10.351652782228145,16.948442211838454,37.91801011856542,62.08198988143458,269,112,110
District,2021-22,ELA,6,BW,35.433289545305115,16.38393783663034,19.049351708674774,46.238828081941946,53.761171918058054,276,36,36
District,2021-22,ELA,6,HW,25.697442948259603,9.986823595398068,15.710619352861535,38.863102509872256,61.13689749012775,276,119,118
District,2021-22,ELA,7,BW,34.38159377294486,15.820631022401892,18.56096275054297,46.01482737211347,53.985172627886534,279,31,31
District,2021-22,ELA,7,HW,25.821241035980723,9.790669203390514,16.03057183259021,37.917113239242305,62.08288676075769,279,111,110
District,2021-22,ELA,8,BW,29.41491491423335,13.062644907460584,16.352270006772766,44.40823624867874,55.59176375132126,268,34,34
District,2021-22,ELA,8,HW,22.35821715378382,7.753661372567016,14.604555781216803,34.67924709396973,65.32075290603026,268,118,116
District,2021-22,Mathematics,3,BW,46.23652533007769,24.421039611396683,21.815485718681007,52.81763592107635,47.18236407892364,263,27,27
District,2021-22,Mathematics,3,HW,32.48638627759911,14.232672493286687,18.253713784312424,43.811190237249576,56.18880976275043,263,113,112
District,2021-22,Mathematics,4,BW,47.376903098966345,24.777995684249902,22.598907414716443,52.299736925587474,47.70026307441251,253,31,31
District,2021-22,Mathematics,4,HW,34.36468609888777,13.85067440814478,20.514011690742993,40.30496413756872,59.69503586243129,253,129,126
District,2021-22,Mathematics,5,BW,48.15774914064956,26.588185167306737,21.56956397334282,55.210606063944695,44.789393936055305,269,35,35
District,2021-22,Mathematics,5,HW,32.27138168239928,13.364440714568067,18.90694096783121,41.4126697334964,58.58733026650359,269,110,108
District,2021-22,Mathematics,6,BW,39.26632229983858,21.27728798733644,17.989034312502138,54.18711695193291,45.81288304806709,276,37,37
District,2021-22,Mathematics,6,HW,30.942195051552616,14.078953067376698,16.863241984175918,45.500821916220985,54.499178083779015,276,115,114
District,2021-22,Mathematics,7,BW,34.440798736106075,17.057768985601637,17.383029750504438,49.52779729733473,50.47220270266528,277,27,27
District,2021-22,Mathematics,7,HW,28.927026757388823,12.652729329606322,16.2742974277825,43.74016533301142,56.259834666988574,277,106,105
District,2021-22,Mathematics,8,BW,30.703169158810198,16.460424569656855,14.242744589153343,53.61148383255276,46.388516167447236,268,32,32
District,2021-22,Mathematics,8,HW,25.063199315269728,10.67677171311276,14.386427602156967,42.599396744245446,57.40060325575455,268,115,113
District,2022-23,ELA,3,BW,41.06218277900019,19.403716073642578,21.65846670535761,47.25446812721784,52.74553187278215,276,26,26
District,2022-23,ELA,3,HW,28.24452498659545,9.58637248856643,18.65815249802902,33.94063979874337,66.05936020125662,276,119,116
District,2022-23,ELA,4,BW,45.72846898274101,22.743553928148373,22.98491505459264,49.736093147427084,50.26390685257291,258,28,28
District,2022-23,ELA,4,HW,29.842079025242022,11.634046029499434,18.208032995742588,38.98537370556099,61.01462629443901,258,117,115
District,2022-23,ELA,5,BW,43.38756435257205,20.693297600600843,22.694266751971206,47.694075271072755,52.305924728927245,261,31,31
District,2022-23,ELA,5,HW,28.130691009682177,9.976100773677821,18.154590236004356,35.46340461471135,64.53659538528865,261,126,124
District,2022-23,ELA,6,BW,40.53331830048183,20.250860045370004,20.282458255111827,49.96102193076375,50.03897806923625,267,32,32
District,2022-23,ELA,6,HW,27.59875297795934,10.24453986107832,17.35421311688102,37.1195751824719,62.880424817528095,267,111,109
District,2022-23,ELA,7,BW,36.33452683033336,15.994710203096686,20.339816627236672,44.020692158136846,55.979307841863154,272,35,35
District,2022-23,ELA,7,HW,24.40199834906012,8.091493117716876,16.310505231343242,33.159141321016165,66.84085867898384,272,117,116
District,2022-23,ELA,8,BW,32.51924781432369,14.20756591409044,18.311681900233253,43.68971261331715,56.31028738668285,285,36,36
District,2022-23,ELA,8,HW,24.322002138507777,8.813457995508061,15.508544142999716,36.2365645119082,63.7634354880918,285,118,117
District,2022-23,Mathematics,3,BW,50.35831963176816,25.80485836263717,24.55346126913099,51.24249290152718,48.75750709847282,275,27,27
District,2022-23,Mathematics,3,HW,33.684705477473486,12.416213573235,21.268491904238488,36.86009242841174,63.13990757158827,275,120,117
District,2022-23,Mathematics,4,BW,48.35842034549512,26.10394908690275,22.254471258592368,53.98015257819416,46.01984742180584,258,26,26
District,2022-23,Mathematics,4,HW,33.526917234902726,14.444655798432265,19.08226143647046,43.083757737782285,56.916242262217715,258,116,114
District,2022-23,Mathematics,5,BW,50.31395304599806,27.037892360370467,23.276060685627595,53.73835829526625,46.26164170473375,260,33,33
District,2022-23,Mathematics,5,HW,34.23673846017637,13.790845157713997,20.445893302462373,40.2808380060948,59.71916199390521,260,126,124
District,2022-23,Mathematics,6,BW,45.15017739770868,25.001885700078855,20.148291697629826,55.37494455414404,44.62505544585596,269,32,32
District,2022-23,Mathematics,6,HW,33.319430645836995,14.147740109276505,19.17169053656049,42.460929959030246,57.539070040969754,269,112,110
District,2022-23,Mathematics,7,BW,37.46225017921939,19.07053071055477,18.39171946866462,50.90599368516669,49.09400631483331,272,31,31
District,2022-23,Mathematics,7,HW,28.886545355423056,11.54934548657259,17.337199868850465,39.9817470191338,60.0182529808662,272,112,111
District,2022-23,Mathematics,8,BW,33.567057474615154,18.01359425416095,15.553463220454205,53.664502072556104,46.33549792744389,282,28,28
District,2022-23,Mathematics,8,HW,27.17782785779466,12.112991301333517,15.064836556461144,44.56938709271972,55.430612907280285,282,114,113
County,2015-16,ELA,3,BW,40.55606929223691,10.636510696616721,29.91955859562019,26.226680450643972,73.77331954935603,68,18,18
County,2015-16,ELA,3,HW,26.633774800770944,2.9035926453322873,23.730182155438655,10.901919337578237,89.09808066242176,68,37,37
County,2015-16,ELA,4,BW,42.146420069801195,10.426206105998858,31.720213963802337,24.738058626880758,75.26194137311924,66,16,16
County,2015-16,ELA,4,HW,28.307145240310547,2.7513271254816503,25.555818114828895,9.719549965651947,90.28045003434805,66,37,37
County,2015-16,ELA,5,BW,40.624182781718,9.485115568895516,31.139067212822482,23.348446465645775,76.65155353435422,69,19,19
County,2015-16,ELA,5,HW,26.548046523709182,2.457641388843325,24.090405134865858,9.257334194621388,90.74266580537862,69,34,34
County,2015-16,ELA,6,BW,41.79006233683673,9.768135973603314,32.02192636323342,23.37430342857609,76.62569657142392,67,20,20
County,2015-16,ELA,6,HW,29.36258623784959,2.6274109533638494,26.73517528448574,8.948159171268802,91.05184082873119,67,33,33
County,2015-16,ELA,7,BW,38.58170150145459,8.592919248121564,29.988782253333024,22.272006971485172,77.72799302851483,68,16,16
County,2015-16,ELA,7,HW,24.58709283321345,1.4551935687365685,23.131899264476882,5.918526352862758,94.08147364713724,68,36,36
County,2015-16,ELA,8,BW,37.59199220441389,8.369609788668829,29.222382415745063,22.26434221191955,77.73565778808046,66,15,15
County,2015-16,ELA,8,HW,24.609260605192247,2.226096392643986,22.383164212548262,9.045767072637311,90.9542329273627,66,32,32
County,2015-16,Mathematics,3,BW,45.840997586139586,12.755298325463649,33.08569926067594,27.825088887944098,72.1749111120559,68,16,16
County,2015-16,Mathematics,3,HW,31.047174175582903,3.8123129730318137,27.234861202551087,12.279098095922729,87.72090190407727,68,36,36
County,2015-16,Mathematics,4,BW,48.02491474238428,13.53362298859287,34.491291753791415,28.18042064455515,71.81957935544486,66,15,15
County,2015-16,Mathematics,4,HW,33.798952005711,4.121522670749903,29.677429334961097,12.194232146764463,87.80576785323554,66,37,37
County,2015-16,Mathematics,5,BW,46.49952392659528,13.815797150399176,32.6837267761961,29.71169591372368,70.28830408627631,69,19,19
County,2015-16,Mathematics,5,HW,31.333114924780823,4.264085990497113,27.069028934283708,13.608879936557859,86.39112006344213,69,34,34
County,2015-16,Mathematics,6,BW,46.059933905468334,13.159899647041096,32.90003425842724,28.571251695779623,71.42874830422038,67,21,21
County,2015-16,Mathematics,6,HW,32.56985498357222,4.3944117237001725,28.175443259872047,13.492266778334297,86.50773322166569,67,34,34
County,2015-16,Mathematics,7,BW,43.948256859190685,11.415492307835805,32.53276455135488,25.974846612030163,74.02515338796984,68,16,16
County,2015-16,Mathematics,7,HW,30.663619310690706,3.287444026422385,27.37617528426832,10.72099152129845,89.27900847870154,68,37,37
County,2015-16,Mathematics,8,BW,38.65783292404596,11.014755751057375,27.643077172988587,28.49294675337575,71.50705324662425,66,15,15
County,2015-16,Mathematics,8,HW,27.427199006255172,3.744768115613173,23.682430890642,13.653483590355412,86.3465164096446,66,30,30
County,2016-17,ELA,3,BW,40.83697343233171,11.36107911384814,29.47589431848357,27.820570818436988,72.17942918156301,68,14,14
County,2016-17,ELA,3,HW,27.750803306110484,3.5711865086450105,24.179616797465474,12.86876804700881,87.13123195299119,68,37,37
County,2016-17,ELA,4,BW,43.920554467766024,11.602948435092284,32.31760603267374,26.41803723950677,73.58196276049323,69,16,16
County,2016-17,ELA,4,HW,28.720602102284126,3.7803291950403404,24.940272907243784,13.162430166252308,86.8375698337477,69,39,39
County,2016-17,ELA,5,BW,43.96808117798372,11.728299736393225,32.239781441590495,26.67457715272318,73.32542284727683,67,18,18
County,2016-17,ELA,5,HW,28.00355184720764,3.2528388103514576,24.750713036856183,11.615807980714465,88.38419201928554,67,39,39
County,2016-17,ELA,6,BW,42.48737503272574,10.229583947563652,32.25779108516208,24.07676148428646,75.92323851571354,69,21,21
County,2016-17,ELA,6,HW,28.70306255019484,2.344004421964753,26.35905812823009,8.166391366306804,91.8336086336932,69,34,34
County,2016-17,ELA,7,BW,38.9415053131772,8.614921001113398,30.326584312063805,22.122722097746546,77.87727790225345,68,19,19
County,2016-17,ELA,7,HW,26.309989395322905,2.1579648659780224,24.15202452934488,8.202074252305252,91.79792574769473,68,34,34
County,2016-17,ELA,8,BW,38.26178489739903,9.487366746974757,28.774418150424275,24.79593352065416,75.20406647934584,69,17,17
County,2016-17,ELA,8,HW,25.333795714708092,2.3922586896571008,22.94153702505099,9.442954054722334,90.55704594527768,69,38,37
County,2016-17,Mathematics,3,BW,45.52509350343944,12.562404849120863,32.96268865431858,27.594462487313216,72.40553751268679,68,14,14
County,2016-17,Mathematics,3,HW,30.792810723471685,3.9013620901803496,26.891448633291336,12.669717374018584,87.33028262598143,68,38,38
County,2016-17,Mathematics,4,BW,47.896445177811415,14.643978051614756,33.25246712619666,30.574248250053323,69.42575174994668,69,16,16
County,2016-17,Mathematics,4,HW,33.82713278513771,5.16814530787145,28.65898747726626,15.278106308028942,84.72189369197106,69,37,37
County,2016-17,Mathematics,5,BW,45.18350295221862,13.51417273789361,31.669330214325008,29.90952859981838,70.09047140018163,67,18,18
County,2016-17,Mathematics,5,HW,30.2530267544012,4.434041249586976,25.818985504814226,14.656521099800083,85.34347890019993,67,38,38
County,2016-17,Mathematics,6,BW,46.154392935062745,12.591945921249355,33.56244701381339,27.282226285514543,72.71777371448546,69,21,21
County,2016-17,Mathematics,6,HW,32.63118323127766,4.034566663599919,28.596616567677742,12.364144551561047,87.63585544843896,69,32,32
County,2016-17,Mathematics,7,BW,43.66830381184295,11.696642397112726,31.97166141473022,26.785199735512897,73.2148002644871,68,19,19
County,2016-17,Mathematics,7,HW,31.00763680374509,3.825179362747413,27.182457440997677,12.33624925033116,87.66375074966884,68,35,35
County,2016-17,Mathematics,8,BW,38.50953125407161,10.786731176508406,27.722800077563207,28.0105491426046,71.9894508573954,69,15,15
County,2016-17,Mathematics,8,HW,27.494717277653972,3.2801122975973698,24.214604980056603,11.929972817953814,88.07002718204619,69,37,37
County,2017-18,ELA,3,BW,39.444911164553254,11.915585896486677,27.52932526806658,30.208170191531554,69.79182980846845,64,14,14
County,2017-18,ELA,3,HW,27.578178733654894,3.242803462543904,24.33537527111099,11.758584545637762,88.24141545436223,64,42,42
County,2017-18,ELA,4,BW,44.1461432667566,11.91633928818861,32.22980397856799,26.992933938041148,73.00706606195885,67,14,14
County,2017-18,ELA,4,HW,27.752793995842502,3.295667091867281,24.457126903975222,11.87508217140583,88.12491782859418,67,42,42
County,2017-18,ELA,5,BW,43.12875991289384,10.857817016110655,32.27094289678318,25.175351756090222,74.82464824390976,69,16,16
County,2017-18,ELA,5,HW,26.90873074318912,2.9280965746869936,23.980634168502128,10.881585618556628,89.11841438144337,69,35,35
County,2017-18,ELA,6,BW,41.949414904132574,9.70721778849098,32.242197115641595,23.140293638600166,76.85970636139983,68,17,17
County,2017-18,ELA,6,HW,27.399359352690556,2.3890492275033837,25.01031012518717,8.719361634522247,91.28063836547774,68,41,41
County,2017-18,ELA,7,BW,40.16102983385011,9.292180473977279,30.86884935987283,23.137306270331933,76.86269372966807,68,19,19
County,2017-18,ELA,7,HW,25.1501277703249,1.788076832961621,23.36205093736328,7.109613316046076,92.89038668395392,68,33,33
County,2017-18,ELA,8,BW,36.84811797888305,7.574564044199241,29.27355393468381,20.556176162212893,79.44382383778711,69,20,20
County,2017-18,ELA,8,HW,24.906755820642616,1.7261395833913564,23.180616237251257,6.930407138615537,93.06959286138445,69,38,38
County,2017-18,Mathematics,3,BW,48.37752455631199,15.095278311613177,33.28224624469881,31.203081286315303,68.7969187136847,64,14,14
County,2017-18,Mathematics,3,HW,31.835354593384466,4.219897270090904,27.615457323293562,13.255380139437236,86.74461986056276,64,40,40
County,2017-18,Mathematics,4,BW,48.63369203916614,15.015979749176317,33.617712289989825,30.87567305620866,69.12432694379135,67,15,15
County,2017-18,Mathematics,4,HW,31.79454316828137,4.842752407332457,26.95179076094891,15.231394839362393,84.7686051606376,67,42,42
County,2017-18,Mathematics,5,BW,45.79441916666667,13.666710626207939,32.127708540458734,29.843616045152963,70.15638395484704,69,17,17
County,2017-18,Mathematics,5,HW,29.96644922904695,4.666110177527682,25.30033905151927,15.57111468850553,84.42888531149447,69,37,37
County,2017-18,Mathematics,6,BW,46.11417011140803,12.835598089187698,33.27857202222033,27.83439029300094,72.16560970699906,68,16,16
County,2017-18,Mathematics,6,HW,31.12840121694607,4.05207521681907,27.076326000127,13.017293077722059,86.98270692227794,68,43,43
County,2017-18,Mathematics,7,BW,42.839206100065766,11.928303009098528,30.91090309096724,27.844360563629152,72.15563943637085,68,16,16
County,2017-18,Mathematics,7,HW,29.137622405483572,3.258090390782524,25.87953201470105,11.181730428936321,88.81826957106368,68,32,32
County,2017-18,Mathematics,8,BW,39.94441618206994,10.360282267198066,29.584133914871877,25.93674725392166,74.06325274607833,68,20,20
County,2017-18,Mathematics,8,HW,28.24882674844822,3.2728619513311976,24.975964797117022,11.585833211678372,88.41416678832162,68,39,39
County,2018-19,ELA,3,BW,37.91883087280298,9.652818028786527,28.26601284401645,25.45652860755774,74.54347139244226,67,15,15
County,2018-19,ELA,3,HW,26.623862591426988,2.969110138657731,23.65475245276926,11.152063786618996,88.847936213381,67,35,35
County,2018-19,ELA,4,BW,41.308911020361684,11.765857797380383,29.5430532229813,28.482614299807718,71.51738570019228,66,18,18
County,2018-19,ELA,4,HW,26.153882132313996,2.611726568193879,23.542155564120115,9.985999611763194,90.01400038823681,66,36,36
County,2018-19,ELA,5,BW,40.48711328125,10.347582697588235,30.13953058366176,25.557719133263838,74.44228086673616,68,17,17
County,2018-19,ELA,5,HW,26.773603752658275,3.0056271456228956,23.76797660703538,11.226083620978649,88.77391637902136,68,39,39
County,2018-19,ELA,6,BW,40.40913046967289,10.355451442580765,30.053679027092123,25.626513914602906,74.37348608539709,69,15,15
County,2018-19,ELA,6,HW,25.296741826385333,3.076657828928958,22.220083997456374,12.162269157207836,87.83773084279215,69,37,37
County,2018-19,ELA,7,BW,41.30148509674022,9.131710185862097,32.169774910878125,22.109883372166756,77.89011662783325,68,17,17
County,2018-19,ELA,7,HW,25.934957872590775,1.7330255400695649,24.20193233252121,6.682199171416831,93.31780082858317,68,41,41
County,2018-19,ELA,8,BW,34.127838849577046,7.412237673326376,26.71560117625067,21.719036197975477,78.28096380202453,69,19,19
County,2018-19,ELA,8,HW,22.53601480985833,1.735505065028088,20.80050974483024,7.701029129022826,92.29897087097717,69,34,34
County,2018-19,Mathematics,3,BW,47.26125313692157,13.608435822546461,33.652817314375106,28.794064734426694,71.20593526557332,67,15,15
County,2018-19,Mathematics,3,HW,31.25660959363459,4.081588259334797,27.175021334299792,13.058320503724795,86.9416794962752,67,36,36
County,2018-19,Mathematics,4,BW,47.34095003723511,15.315685960602435,32.02526407663267,32.35187707166032,67.64812292833967,66,18,18
County,2018-19,Mathematics,4,HW,30.721514270368846,4.626521460020852,26.094992810347996,15.05954888585414,84.94045111414586,66,34,34
County,2018-19,Mathematics,5,BW,45.93067879396882,14.302406236762302,31.62827255720652,31.139113577917243,68.86088642208276,68,15,15
County,2018-19,Mathematics,5,HW,29.605705036433484,5.0278302256859,24.577874810747584,16.98263972939855,83.01736027060146,68,40,40
County,2018-19,Mathematics,6,BW,45.03502339307599,13.795393976915943,31.239629416160046,30.632589787966996,69.36741021203301,69,17,17
County,2018-19,Mathematics,6,HW,30.216271701487504,4.993612406798665,25.22265929468884,16.52623611586348,83.47376388413652,69,39,39
County,2018-19,Mathematics,7,BW,43.81999782127577,11.420633597863514,32.399364223412256,26.062606494057135,73.93739350594286,68,16,16
County,2018-19,Mathematics,7,HW,28.68502350906615,2.9003260529197976,25.78469745614635,10.110941871820758,89.88905812817924,68,40,40
County,2018-19,Mathematics,8,BW,38.19783529736444,10.554326017265597,27.643509280098847,27.63069146484806,72.36930853515194,69,16,16
County,2018-19,Mathematics,8,HW,26.89136052207682,3.2752012456837183,23.616159276393102,12.179380968824164,87.82061903117584,69,34,34
County,2021-22,ELA,3,BW,39.535513343021705,10.823884198837048,28.711629144184656,27.377624023560426,72.62237597643957,67,14,14
County,2021-22,ELA,3,HW,27.479107770741148,3.6013691260888416,23.877738644652307,13.105844469679113,86.8941555303209,67,40,40
County,2021-22,ELA,4,BW,43.687260679584426,11.270169315931446,32.41709136365298,25.797381526368234,74.20261847363177,67,15,15
County,2021-22,ELA,4,HW,29.278296304149627,3.6473186180698054,25.630977686079824,12.457414120618996,87.54258587938101,67,42,42
County,2021-22,ELA,5,BW,43.169241594177194,11.883780696736506,31.285460897440686,27.528351803010196,72.47164819698979,67,18,18
County,2021-22,ELA,5,HW,26.779820119037034,3.5221490724976796,23.257671046539354,13.152250675477395,86.84774932452261,67,40,40
County,2021-22,ELA,6,BW,39.70403155497722,11.010306909523992,28.69372464545323,27.730954460577347,72.26904553942266,70,15,15
County,2021-22,ELA,6,HW,25.759785830420544,3.0953942159815693,22.664391614438976,12.0163817989749,87.98361820102511,70,40,40
County,2021-22,ELA,7,BW,38.394918363061365,11.569342791516481,26.82557557154488,30.13248441399737,69.86751558600263,67,16,16
County,2021-22,ELA,7,HW,25.228082991614595,3.3073690856466484,21.920713905967947,13.10987080051213,86.89012919948787,67,41,41
County,2021-22,ELA,8,BW,33.61728112233136,9.042077531754218,24.575203590577146,26.89711133643026,73.10288866356976,68,13,13
County,2021-22,ELA,8,HW,21.912446454575445,2.3217483833220225,19.59069807125342,10.595568998354485,89.4044310016455,68,41,41
County,2021-22,Mathematics,3,BW,51.51589583170161,15.628875536890732,35.88702029481088,30.337967115915138,69.66203288408487,67,14,14
County,2021-22,Mathematics,3,HW,32.83847743937762,5.508264598773771,27.33021284060385,16.773812394141764,83.22618760585823,67,40,40
County,2021-22,Mathematics,4,BW,51.57341300666024,16.39840385639608,35.17500915026416,31.796235502735442,68.20376449726456,67,15,15
County,2021-22,Mathematics,4,HW,34.07321034460446,5.487769423222841,28.585440921381622,16.105818523471875,83.89418147652813,67,44,44
County,2021-22,Mathematics,5,BW,50.89674757128073,16.99539378856956,33.90135378271117,33.391905376208115,66.60809462379189,67,17,17
County,2021-22,Mathematics,5,HW,32.27693148456201,5.42215274476229,26.854778739799723,16.798848265225253,83.20115173477474,67,40,40
County,2021-22,Mathematics,6,BW,45.597712586195186,14.869754359862082,30.727958226333104,32.61074627757519,67.3892537224248,70,15,15
County,2021-22,Mathematics,6,HW,31.549323914164123,5.2501597053145534,26.299164208849568,16.64111636622896,83.35888363377104,70,39,39
County,2021-22,Mathematics,7,BW,41.155521174367266,14.211188629940036,26.94433254442723,34.53045478328467,65.46954521671533,67,14,14
County,2021-22,Mathematics,7,HW,28.537359950481854,4.876439181278261,23.660920769203592,17.087912791301925,82.91208720869808,67,39,39
County,2021-22,Mathematics,8,BW,36.081721123321124,11.787998233568,24.293722889753123,32.67027698950016,67.32972301049983,68,14,14
County,2021-22,Mathematics,8,HW,24.939073000885884,3.6326019373628045,21.30647106352308,14.565906027195828,85.43409397280418,68,40,40
County,2022-23,ELA,3,BW,42.528988185695844,11.124639380592027,31.404348805103815,26.15778050495374,73.84221949504625,67,13,13
County,2022-23,ELA,3,HW,27.472397661341944,2.824800200244995,24.64759746109695,10.28232131416742,89.71767868583258,67,44,44
County,2022-23,ELA,4,BW,47.29123404267601,12.328463128395677,34.962770914280334,26.0692354047483,73.9307645952517,68,12,12
County,2022-23,ELA,4,HW,29.477951573419833,3.5103622099515985,25.967589363468235,11.90843332925779,88.09156667074221,68,42,42
County,2022-23,ELA,5,BW,43.59130603045935,10.759066237088282,32.832239793371066,24.681679024644048,75.31832097535595,68,14,14
County,2022-23,ELA,5,HW,28.027881591968708,3.3453205284742973,24.68256106349441,11.935688102210648,88.06431189778937,68,43,43
County,2022-23,ELA,6,BW,42.96733099287337,11.700753360708894,31.266577632164477,27.2317434905361,72.7682565094639,66,14,14
County,2022-23,ELA,6,HW,27.402301388226324,3.3781434183377486,24.024157969888574,12.32795512492685,87.67204487507314,66,38,38
County,2022-23,ELA,7,BW,39.204789767038044,8.635484804080939,30.569304962957105,22.026606584028514,77.97339341597149,69,15,15
County,2022-23,ELA,7,HW,25.15727900516847,2.176178105523046,22.981100899645423,8.650292048976992,91.349707951023,69,38,38
County,2022-23,ELA,8,BW,38.14357039561642,10.353587609557033,27.78998278605939,27.143729604156036,72.85627039584396,67,15,15
County,2022-23,ELA,8,HW,24.180057100170306,2.414133417423573,21.76592368274673,9.983985593675747,90.01601440632425,67,43,43
County,2022-23,Mathematics,3,BW,53.14122710823499,15.562500735548282,37.57872637268671,29.28517383283505,70.71482616716494,67,13,13
County,2022-23,Mathematics,3,HW,33.012853721268726,4.298019685287609,28.714834035981117,13.019230998859648,86.98076900114035,67,44,44
County,2022-23,Mathematics,4,BW,51.58313241296872,15.718125546848482,35.86500686612024,30.47144446562676,69.52855553437324,68,12,12
County,2022-23,Mathematics,4,HW,33.11565154346678,5.432382213423283,27.6832693300435,16.404273991990987,83.59572600800901,68,42,42
County,2022-23,Mathematics,5,BW,52.58616380527794,15.928337139498463,36.65782666577948,30.289977413982374,69.71002258601763,68,14,14
County,2022-23,Mathematics,5,HW,34.376258721261564,5.747142341993988,28.629116379267575,16.718347358839853,83.28165264116014,68,42,42
County,2022-23,Mathematics,6,BW,49.430128638596905,15.595396339030525,33.83473229956638,31.550385905435522,68.4496140945645,66,14,14
County,2022-23,Mathematics,6,HW,33.91605806208443,5.727320752336123,28.18873730974831,16.886752410471992,83.113247589528,66,38,38
County,2022-23,Mathematics,7,BW,42.048156146424986,12.030081392234214,30.01807475419077,28.610247142209197,71.3897528577908,69,12,12
County,2022-23,Mathematics,7,HW,29.360253927619716,3.972870789465579,25.38738313815414,13.531459228042399,86.46854077195759,69,36,36
County,2022-23,Mathematics,8,BW,39.03779170413868,13.580753019003168,25.457038685135508,34.788732728350965,65.21126727164904,67,12,12
County,2022-23,Mathematics,8,HW,26.747979290366185,4.289808373185847,22.45817091718034,16.037878325750413,83.9621216742496,67,42,42
School,2015-16,ELA,3,BW,30.248302486631513,5.023775400187498,25.224527086444013,16.60845398649328,83.39154601350671,647,106,1358
School,2015-16,ELA,3,HW,20.15235817179402,5.797552060562078,14.354806111231943,28.768603709498095,71.23139629050189,647,218,4174
School,2015-16,ELA,4,BW,35.97210014441052,5.979193480471552,29.992906663938967,16.621752570653346,83.37824742934664,641,102,1537
School,2015-16,ELA,4,HW,25.362878559975332,5.772304971278818,19.590573588696515,22.758871622671336,77.24112837732868,641,229,4916
School,2015-16,ELA,5,BW,24.623365344390365,5.590728794791057,19.032636549599307,22.704974387527102,77.29502561247288,606,102,1268
School,2015-16,ELA,5,HW,22.56062892477055,5.599898977307108,16.96072994746344,24.82155526771983,75.17844473228017,606,211,3759
School,2015-16,ELA,6,BW,30.075811566590346,5.9534378051321974,24.12237376145815,19.794770265636195,80.2052297343638,385,101,771
School,2015-16,ELA,6,HW,27.435922239989633,8.216646449629389,19.219275790360243,29.948497366904963,70.05150263309503,385,168,1963
School,2015-16,ELA,7,BW,29.083267740285525,5.697146442988453,23.386121297297073,19.589086391062196,80.4109136089378,362,104,573
School,2015-16,ELA,7,HW,21.656727646624212,5.217124734767797,16.439602911856415,24.090087938936737,75.90991206106327,362,167,1823
School,2015-16,ELA,8,BW,30.77684827312847,6.426206324225081,24.350641948903387,20.88000131526092,79.11999868473907,342,100,490
School,2015-16,ELA,8,HW,21.13712180261798,5.124171845817273,16.012949956800707,24.242524094186788,75.75747590581321,342,177,1769
School,2015-16,Mathematics,3,BW,35.56639347381906,6.471034222228715,29.095359251590345,18.194237847006153,81.80576215299384,652,110,1197
School,2015-16,Mathematics,3,HW,26.045574124354275,6.7672341337182775,19.278339990636,25.98228052646565,74.01771947353436,652,223,4204
School,2015-16,Mathematics,4,BW,40.68961682835601,7.459901513886907,33.229715314469104,18.333673539752308,81.6663264602477,639,96,1485
School,2015-16,Mathematics,4,HW,30.175019620968577,8.180396070129424,21.99462355083915,27.109828503458132,72.89017149654185,639,223,4747
School,2015-16,Mathematics,5,BW,33.91605005572339,7.940161781468089,25.9758882742553,23.41122202739577,76.58877797260423,607,86,1041
School,2015-16,Mathematics,5,HW,27.261208368254522,6.787160093574052,20.47404827468047,24.89676907160744,75.10323092839255,607,205,3713
School,2015-16,Mathematics,6,BW,37.673157252278614,6.9648152971025,30.708341955176113,18.487474385177105,81.51252561482289,384,99,734
School,2015-16,Mathematics,6,HW,28.335438217218456,8.029177928445648,20.30626028877281,28.33616994695567,71.66383005304432,384,168,1973
School,2015-16,Mathematics,7,BW,35.493184908684384,7.715099133288719,27.778085775395667,21.736846533039664,78.26315346696033,362,86,520
School,2015-16,Mathematics,7,HW,27.437332858731573,7.704500074313066,19.732832784418505,28.08035356053644,71.91964643946356,362,166,1850
School,2015-16,Mathematics,8,BW,27.99637969719593,7.6038447215334894,20.392534975662443,27.160099997840355,72.83990000215965,338,74,451
School,2015-16,Mathematics,8,HW,22.696192931177084,7.06424844543563,15.631944485741453,31.12525729252011,68.87474270747988,338,165,1634
School,2016-17,ELA,3,BW,23.41666230095227,4.494466870137963,18.92219543081431,19.19345640456705,80.80654359543294,652,104,1271
School,2016-17,ELA,3,HW,21.564348182660083,4.753808411496648,16.810539771163434,22.044758187122902,77.95524181287709,652,234,5075
School,2016-17,ELA,4,BW,33.91382860581632,6.145820975977646,27.768007629838674,18.12187307841622,81.87812692158379,646,119,1243
School,2016-17,ELA,4,HW,23.415364745378184,5.01915150415123,18.396213241226953,21.43529071073697,78.56470928926302,646,230,3894
School,2016-17,ELA,5,BW,32.654169092413326,6.5539613606007885,26.10020773181254,20.070825694730345,79.92917430526965,614,113,1422
School,2016-17,ELA,5,HW,25.330615216755312,5.962442475381745,19.368172741373566,23.538482679401323,76.46151732059867,614,253,4583
School,2016-17,ELA,6,BW,30.888163345446124,5.674897542122647,25.213265803323477,18.37240200608853,81.62759799391146,398,108,860
School,2016-17,ELA,6,HW,23.819254917531218,6.038566098667972,17.780688818863247,25.351616243140857,74.64838375685915,398,191,2301
School,2016-17,ELA,7,BW,33.45353180819053,7.798245953554572,25.655285854635963,23.310680612936967,76.68931938706304,360,104,662
School,2016-17,ELA,7,HW,22.30655881424819,5.776206195292451,16.53035261895574,25.894653870156482,74.10534612984351,360,186,2085
School,2016-17,ELA,8,BW,31.19354654653284,6.313341948153583,24.880204598379258,20.23925666398876,79.76074333601125,370,104,604
School,2016-17,ELA,8,HW,23.396141492388598,5.2780664411459774,18.11807505124262,22.559559416509238,77.44044058349075,370,188,2249
School,2016-17,Mathematics,3,BW,34.88826259424912,5.579440289403149,29.30882230484597,15.992313387147139,84.00768661285286,650,117,1455
School,2016-17,Mathematics,3,HW,26.207277626290157,5.825621988309359,20.3816556379808,22.229023828348023,77.77097617165198,650,230,4912
School,2016-17,Mathematics,4,BW,36.31966941006267,7.299563164392673,29.02010624567,20.09809913735136,79.90190086264863,640,102,1148
School,2016-17,Mathematics,4,HW,27.34922154276976,6.714288561311203,20.634932981458558,24.55019990536528,75.44980009463472,640,219,3787
School,2016-17,Mathematics,5,BW,37.16381188758474,8.01183210031158,29.151979787273163,21.55815481077731,78.44184518922269,614,98,1230
School,2016-17,Mathematics,5,HW,25.915378352330297,6.553171652849077,19.36220669948122,25.286806789991623,74.71319321000838,614,246,4503
School,2016-17,Mathematics,6,BW,35.584616794844734,7.252315554125119,28.332301240719616,20.380479564910722,79.61952043508929,396,93,813
School,2016-17,Mathematics,6,HW,27.19544009782545,7.240744105391544,19.954695992433905,26.624846221813907,73.37515377818609,396,184,2189
School,2016-17,Mathematics,7,BW,37.1217840999102,9.592381756567162,27.529402343343037,25.840303716949762,74.15969628305022,360,83,544
School,2016-17,Mathematics,7,HW,25.253128217003866,6.85946374810771,18.393664468896155,27.162827864981015,72.83717213501897,360,184,2068
School,2016-17,Mathematics,8,BW,30.14398952544405,6.777846378310839,23.366143147133208,22.48490158407788,77.51509841592211,367,74,465
School,2016-17,Mathematics,8,HW,24.389357034282195,6.063648591899668,18.325708442382528,24.861863243776682,75.13813675622332,367,180,2158
School,2017-18,ELA,3,BW,23.543572098985234,4.075878947946826,19.467693151038407,17.312066880974715,82.68793311902529,681,118,1364
School,2017-18,ELA,3,HW,23.14283184612983,4.992854294567479,18.14997755156235,21.574085348601937,78.42591465139806,681,232,4671
School,2017-18,ELA,4,BW,32.66216851104641,5.0434082566007135,27.618760254445696,15.441131089918365,84.55886891008164,654,117,1469
School,2017-18,ELA,4,HW,22.725066693157757,4.277282971658918,18.447783721498837,18.82187202973867,81.17812797026131,654,242,5145
School,2017-18,ELA,5,BW,33.42571956354277,6.241647070362526,27.184072493180246,18.67318685091301,81.326813149087,635,125,1406
School,2017-18,ELA,5,HW,21.8406691190241,5.458147491001596,16.382521628022502,24.99075216632136,75.00924783367863,635,256,4401
School,2017-18,ELA,6,BW,32.99494063188415,6.3555542480340925,26.639386383850056,19.26220846687174,80.73779153312826,401,111,788
School,2017-18,ELA,6,HW,23.652436863375033,5.8849839111124655,17.767452952262566,24.881089188003102,75.11891081199688,401,202,2696
School,2017-18,ELA,7,BW,32.20046633323912,5.844073260824931,26.35639307241419,18.149032999538743,81.85096700046125,363,110,732
School,2017-18,ELA,7,HW,21.44654420579294,4.993961040237449,16.45258316555549,23.285621181283492,76.71437881871651,363,195,1945
School,2017-18,ELA,8,BW,30.924089797919095,7.974525509766828,22.949564288152267,25.78742191565955,74.21257808434045,360,94,561
School,2017-18,ELA,8,HW,22.21636070194357,5.592844562003561,16.62351613994001,25.174440751289556,74.82555924871043,360,185,2064
School,2017-18,Mathematics,3,BW,36.28599371827959,6.137504078779519,30.148489639500074,16.9142510645579,83.08574893544211,682,123,1299
School,2017-18,Mathematics,3,HW,27.639528863369577,6.944018114407616,20.69551074896196,25.123503908963013,74.87649609103698,682,237,4547
School,2017-18,Mathematics,4,BW,34.04952646011263,6.4805688298029915,27.56895763030964,19.032772268932032,80.96722773106798,649,109,1442
School,2017-18,Mathematics,4,HW,27.353066075634217,6.241439866992485,21.11162620864173,22.818063063695387,77.18193693630461,649,238,5019
School,2017-18,Mathematics,5,BW,40.9723605380203,8.277215969714995,32.6951445683053,20.2019504393313,79.7980495606687,633,116,1371
School,2017-18,Mathematics,5,HW,24.10865883482635,6.46998454986988,17.638674284956473,26.836766799004238,73.16323320099578,633,252,4311
School,2017-18,Mathematics,6,BW,37.66944364690221,7.5470182944445465,30.12242535245766,20.03485468271625,79.96514531728374,402,105,801
School,2017-18,Mathematics,6,HW,26.06841048757335,6.196124513070794,19.872285974502553,23.768708552538897,76.2312914474611,402,199,2738
School,2017-18,Mathematics,7,BW,35.51609016944447,7.1526752116193135,28.363414957825153,20.139252878046157,79.86074712195384,363,87,613
School,2017-18,Mathematics,7,HW,24.1753221091936,6.2806423649436525,17.89467974424995,25.979560216718664,74.02043978328133,363,186,1843
School,2017-18,Mathematics,8,BW,34.19635415685691,8.8070106095579,25.389343547299013,25.754238504960487,74.24576149503952,359,73,487
School,2017-18,Mathematics,8,HW,23.540126235257862,6.194564584539906,17.345561650717954,26.314916592341078,73.68508340765892,359,178,2031
School,2018-19,ELA,3,BW,27.54751171619228,4.91889162347754,22.62862009271474,17.85602879183546,82.14397120816454,675,99,1152
School,2018-19,ELA,3,HW,23.51591093521008,4.546625753005623,18.96928518220446,19.33425315962571,80.6657468403743,675,209,3980
School,2018-19,ELA,4,BW,31.225984677933187,5.523819415540197,25.702165262392988,17.68981658228948,82.3101834177105,690,126,1635
School,2018-19,ELA,4,HW,19.872722732437374,4.7530022306067465,15.119720501830628,23.917217054755305,76.08278294524469,690,229,4344
School,2018-19,ELA,5,BW,27.16062777866564,5.96190147200428,21.198726306661356,21.95052898109846,78.04947101890153,633,115,1551
School,2018-19,ELA,5,HW,22.222874429783165,5.280376671900134,16.942497757883032,23.760997653945957,76.23900234605405,633,257,4655
School,2018-19,ELA,6,BW,33.57597976187668,6.443973409662224,27.132006352214457,19.19221257387977,80.80778742612023,414,94,823
School,2018-19,ELA,6,HW,20.359920962269676,5.658242122627416,14.701678839642259,27.79108098264763,72.20891901735237,414,200,2596
School,2018-19,ELA,7,BW,33.063665326359434,6.51783172460745,26.545833601751983,19.712973925523077,80.28702607447693,370,110,742
School,2018-19,ELA,7,HW,22.670760270054544,5.060102342296701,17.610657927757842,22.319949935602782,77.68005006439722,370,202,2225
School,2018-19,ELA,8,BW,27.400447018623666,5.645811790013908,21.754635228609757,20.60481636002703,79.39518363997297,372,111,742
School,2018-19,ELA,8,HW,19.153644844977144,5.111242634317945,14.0424022106592,26.685482975624446,73.31451702437556,372,193,2045
School,2018-19,Mathematics,3,BW,37.45232479598669,6.650989853278693,30.801334942707996,17.758550075351792,82.2414499246482,679,114,1313
School,2018-19,Mathematics,3,HW,29.344418181962727,6.309041708623246,23.035376473339483,21.49997205431476,78.50002794568525,679,218,4086
School,2018-19,Mathematics,4,BW,38.11269812662138,7.8310462741787,30.281651852442682,20.547079212712006,79.452920787288,689,109,1521
School,2018-19,Mathematics,4,HW,22.925892426268263,5.901460276787704,17.02443214948056,25.741463699907573,74.25853630009243,689,223,4186
School,2018-19,Mathematics,5,BW,39.03793967582168,8.268967720563836,30.768971955257847,21.181875348009868,78.81812465199013,635,115,1591
School,2018-19,Mathematics,5,HW,25.974031022924542,6.8009493763456375,19.173081646578904,26.18365000928487,73.81634999071512,635,262,4826
School,2018-19,Mathematics,6,BW,37.188138601190246,5.981065606680659,31.207072994509588,16.08326157655341,83.91673842344659,412,89,790
School,2018-19,Mathematics,6,HW,23.917896041995046,5.372101629765358,18.54579441222969,22.460594444983876,77.53940555501612,412,196,2587
School,2018-19,Mathematics,7,BW,32.245212404025,7.704017691870518,24.54119471215448,23.89197377688499,76.108026223115,368,89,570
School,2018-19,Mathematics,7,HW,23.901045525711513,6.03323752306677,17.867808002644743,25.2425673871736,74.75743261282639,368,199,2172
School,2018-19,Mathematics,8,BW,31.351184658473528,7.118462683370264,24.232721975103264,22.7055620414851,77.2944379585149,372,77,593
School,2018-19,Mathematics,8,HW,21.991073909612897,5.287588715744402,16.703485193868495,24.044249669103483,75.95575033089652,372,185,2032
School,2021-22,ELA,3,BW,29.586989251033216,7.396566137059873,22.190423113973345,24.999387650778207,75.00061234922181,661,79,899
School,2021-22,ELA,3,HW,21.141879062023428,5.408294640649311,15.733584421374117,25.58095533884725,74.41904466115275,661,204,4880
School,2021-22,ELA,4,BW,37.31702640855959,8.7378335653606,28.579192843198992,23.41513889583753,76.58486110416247,651,87,969
School,2021-22,ELA,4,HW,24.748483692907428,5.3293681735248075,19.419115519382622,21.534119987529298,78.4658800124707,651,242,5207
School,2021-22,ELA,5,BW,31.184658820432418,7.934548146668529,23.25011067376389,25.443754867921644,74.55624513207836,636,74,1053
School,2021-22,ELA,5,HW,20.50774035631348,5.593311205776699,14.914429150536781,27.274146778705195,72.72585322129481,636,252,4543
School,2021-22,ELA,6,BW,30.87787968204415,7.033548627543041,23.844331054501108,22.778599761281967,77.22140023871803,410,90,769
School,2021-22,ELA,6,HW,22.00633012779684,6.136729361526599,15.869600766270242,27.88620058814403,72.11379941185598,410,203,2570
School,2021-22,ELA,7,BW,28.790904053237213,6.473666429811719,22.317237623425495,22.48510994250571,77.5148900574943,397,93,665
School,2021-22,ELA,7,HW,21.05850915636333,6.116372074465751,14.942137081897577,29.04465852283538,70.95534147716461,397,200,2228
School,2021-22,ELA,8,BW,26.046357340719666,5.402466521996476,20.64389081872319,20.741735404015632,79.25826459598436,380,96,599
School,2021-22,ELA,8,HW,19.223406251587722,4.78024683444458,14.443159417143143,24.86680441479909,75.13319558520091,380,199,2318
School,2021-22,Mathematics,3,BW,40.70429735484478,8.844807691584137,31.859489663260646,21.72941990492656,78.27058009507344,664,81,1066
School,2021-22,Mathematics,3,HW,25.621946251764825,6.111509643477735,19.51043660828709,23.852636265118925,76.14736373488108,664,233,5140
School,2021-22,Mathematics,4,BW,42.83580318701507,10.731751015917938,32.10405217109713,25.05322701447812,74.94677298552189,649,67,853
School,2021-22,Mathematics,4,HW,28.412846425228167,6.936965217194677,21.475881208033492,24.414890058446407,75.5851099415536,649,233,5182
School,2021-22,Mathematics,5,BW,38.50021675688281,10.516389732421937,27.983827024460872,27.31514422069296,72.68485577930704,639,56,894
School,2021-22,Mathematics,5,HW,25.501038377395368,7.7612992990621095,17.73973907833326,30.43522849619285,69.56477150380715,639,251,4232
School,2021-22,Mathematics,6,BW,36.111040721334106,9.276737671868736,26.83430304946537,25.689477474372858,74.31052252562714,409,72,688
School,2021-22,Mathematics,6,HW,27.614129166145535,7.7806103478197,19.833518818325835,28.176193067708976,71.82380693229103,409,192,2523
School,2021-22,Mathematics,7,BW,32.923045239797666,8.10463020068351,24.818415039114157,24.616891121865486,75.38310887813451,390,62,503
School,2021-22,Mathematics,7,HW,23.58759715852579,6.822288373449395,16.765308785076392,28.92320200145297,71.07679799854702,390,186,2083
School,2021-22,Mathematics,8,BW,27.321362907533032,7.367245402001491,19.954117505531542,26.965146017551703,73.0348539824483,375,63,461
School,2021-22,Mathematics,8,HW,21.248555232104252,6.309617753060042,14.93893747904421,29.694337728557176,70.30566227144283,375,187,2194
School,2022-23,ELA,3,BW,27.705190018062634,6.034334635887011,21.670855382175624,21.78052066039928,78.21947933960072,668,75,1035
School,2022-23,ELA,3,HW,20.43452409655505,5.13584032568486,15.298683770870191,25.133153585654995,74.866846414345,668,240,5055
School,2022-23,ELA,4,BW,33.55844796550561,5.459797949713519,28.09865001579209,16.2695186479589,83.73048135204111,660,97,1152
School,2022-23,ELA,4,HW,23.936520396269692,5.9020877163900725,18.03443267987962,24.65725017120644,75.34274982879357,660,241,5104
School,2022-23,ELA,5,BW,30.074002839065404,8.094168171150748,21.979834667914655,26.914169738112214,73.08583026188779,612,80,914
School,2022-23,ELA,5,HW,24.157436654241685,6.75207138289773,17.405365271343953,27.950280816371997,72.049719183628,612,239,4349
School,2022-23,ELA,6,BW,29.346794478238877,7.153625351748763,22.193169126490112,24.376172862945193,75.6238271370548,403,93,666
School,2022-23,ELA,6,HW,22.6796019698433,6.725674845477691,15.95392712436561,29.655171437403144,70.34482856259686,403,214,2497
School,2022-23,ELA,7,BW,29.8063729556043,7.653606083893668,22.152766871710632,25.67775051091753,74.32224948908247,384,100,616
School,2022-23,ELA,7,HW,21.288464783365484,5.079658566934871,16.208806216430613,23.86108448225936,76.13891551774063,384,208,2341
School,2022-23,ELA,8,BW,29.54630336871583,6.102891592465092,23.443411776250738,20.65534735870527,79.34465264129473,401,99,702
School,2022-23,ELA,8,HW,20.615158639229662,5.820930203860125,14.794228435369536,28.236164978052475,71.76383502194753,401,209,2380
School,2022-23,Mathematics,3,BW,38.838058186134646,7.875671277999015,30.96238690813563,20.27823131695771,79.72176868304228,668,85,964
School,2022-23,Mathematics,3,HW,28.27408646080432,6.155424928812525,22.118661531991794,21.770552825272148,78.22944717472784,668,246,5320
School,2022-23,Mathematics,4,BW,39.13190103471214,7.753143388008841,31.378757646703303,19.812846253319965,80.18715374668004,658,81,1041
School,2022-23,Mathematics,4,HW,26.90346900545071,7.061364085605577,19.842104919845134,26.247039309967526,73.75296069003248,658,231,5122
School,2022-23,Mathematics,5,BW,35.6931032886731,9.977940148607704,25.715163140065396,27.95481263679899,72.04518736320101,613,73,974
School,2022-23,Mathematics,5,HW,29.576086927613954,8.312480431841351,21.263606495772603,28.105409793343338,71.89459020665666,613,248,4498
School,2022-23,Mathematics,6,BW,36.26044905242215,8.786266761502024,27.47418229092013,24.230992696200797,75.7690073037992,402,79,651
School,2022-23,Mathematics,6,HW,27.649259194157143,8.45125514489752,19.198004049259623,30.565936995098383,69.43406300490162,402,210,2495
School,2022-23,Mathematics,7,BW,31.42512483347656,9.233263480169528,22.191861353307033,29.381787754534283,70.61821224546571,380,66,479
School,2022-23,Mathematics,7,HW,23.808004028920777,6.252172179563012,17.555831849357766,26.260799401613784,73.73920059838623,380,189,2107
School,2022-23,Mathematics,8,BW,31.300993622791914,7.6398501393624905,23.661143483429424,24.40769207339,75.59230792661,390,52,450
School,2022-23,Mathematics,8,HW,21.601361821416017,6.575506500372736,15.02585532104328,30.44024054934189,69.55975945065812,390,194,2216
